url,name,date
http://www.caac.gov.cn/XXGK/XXGK/TJSJ/202205/P020220520666735838325.pdf,2022年03月航空生产资料,2022-03
http://www.caac.gov.cn/XXGK/XXGK/TJSJ/202204/P020220420350126431017.pdf,2022年02月航空生产资料,2022-02
http://www.caac.gov.cn/XXGK/XXGK/TJSJ/202205/P020220524581341375440.pdf,2022年04月航空生产资料,2022-04
http://www.caac.gov.cn/XXGK/XXGK/TJSJ/202202/P020220221495967458947.pdf,2021年12月航空生产资料,2021-12
http://www.caac.gov.cn/XXGK/XXGK/TJSJ/202207/P020220720347498884589.pdf,2022年06月航空生产资料,2022-06
http://www.caac.gov.cn/XXGK/XXGK/TJSJ/202206/P020220620544668274582.pdf,2022年05月航空生产资料,2022-05
http://www.caac.gov.cn/XXGK/XXGK/TJSJ/202203/P020220321349956409279.pdf,2022年01月航空生产资料,2022-01
http://www.caac.gov.cn/XXGK/XXGK/TJSJ/201903/P020190320336422688214.pdf,2019年01月航空生产资料,2019-01
http://www.caac.gov.cn/XXGK/XXGK/TJSJ/201803/P020180320567683896708.pdf,2018年01月航空生产资料,2018-01
http://www.caac.gov.cn/XXGK/XXGK/TJSJ/201712/P020171220557029665796.pdf,2017年10月航空生产资料,2017-10
http://www.caac.gov.cn/XXGK/XXGK/TJSJ/201710/P020171020302036793209.pdf,2017年08月航空生产资料,2017-08
http://www.caac.gov.cn/XXGK/XXGK/TJSJ/201706/P020170620373231069735.pdf,2017年04月航空生产资料,2017-04
http://www.caac.gov.cn/XXGK/XXGK/TJSJ/201705/P020170519604058210393.pdf,2017年03月航空生产资料,2017-03
http://www.caac.gov.cn/XXGK/XXGK/TJSJ/201812/P020181220515077077230.pdf,2018年10月航空生产资料,2018-10
http://www.caac.gov.cn/XXGK/XXGK/TJSJ/201809/P020180920375975445856.pdf,2018年07月航空生产资料,2018-07
http://www.caac.gov.cn/XXGK/XXGK/TJSJ/201806/P020180620345406214187.pdf,2018年04月航空生产资料,2018-04
http://www.caac.gov.cn/XXGK/XXGK/TJSJ/202111/P020211122323148747083.pdf,2021年09月航空生产资料,2021-09
http://www.caac.gov.cn/XXGK/XXGK/TJSJ/202106/P020210621407157683383.pdf,2021年04月航空生产资料,2021-04
http://www.caac.gov.cn/XXGK/XXGK/TJSJ/202105/P020210520335468567209.pdf,2021年03月航空生产资料,2021-03
http://www.caac.gov.cn/XXGK/XXGK/TJSJ/202207/P020220720347498884589.pdf,2022年06月航空生产资料,Jun-22
http://www.caac.gov.cn/XXGK/XXGK/TJSJ/202206/P020220620544668274582.pdf,2022年05月航空生产资料,May-22
http://www.caac.gov.cn/XXGK/XXGK/TJSJ/202205/P020220524581341375440.pdf,2022年04月航空生产资料,Apr-22
http://www.caac.gov.cn/XXGK/XXGK/TJSJ/202205/P020220520666735838325.pdf,2022年03月航空生产资料,Mar-22
http://www.caac.gov.cn/XXGK/XXGK/TJSJ/202204/P020220420350126431017.pdf,2022年02月航空生产资料,Feb-22
http://www.caac.gov.cn/XXGK/XXGK/TJSJ/202203/P020220321349956409279.pdf,2022年01月航空生产资料,Jan-22
http://www.caac.gov.cn/XXGK/XXGK/TJSJ/202202/P020220221495967458947.pdf,2021年12月航空生产资料,Dec-21
http://www.caac.gov.cn/XXGK/XXGK/TJSJ/202201/P020220120610677877575.pdf,2021年11月航空生产资料,Nov-21
http://www.caac.gov.cn/XXGK/XXGK/TJSJ/202112/P020211220324350520589.pdf,2021年10月航空生产资料,Oct-21
http://www.caac.gov.cn/XXGK/XXGK/TJSJ/202111/P020211122323148747083.pdf,2021年09月航空生产资料,Sep-21
http://www.caac.gov.cn/XXGK/XXGK/TJSJ/202110/P020211020359452223447.pdf,2021年08月航空生产资料,Aug-21
http://www.caac.gov.cn/XXGK/XXGK/TJSJ/202109/P020210922605414946859.pdf,2021年07月航空生产资料,Jul-21
http://www.caac.gov.cn/XXGK/XXGK/TJSJ/202108/P020210820325138896143.pdf,2021年06月航空生产资料,Jun-21
http://www.caac.gov.cn/XXGK/XXGK/TJSJ/202107/P020210720381744718098.pdf,2021年05月航空生产资料,May-21
http://www.caac.gov.cn/XXGK/XXGK/TJSJ/202106/P020210621407157683383.pdf,2021年04月航空生产资料,Apr-21
http://www.caac.gov.cn/XXGK/XXGK/TJSJ/202105/P020210520335468567209.pdf,2021年03月航空生产资料,Mar-21
http://www.caac.gov.cn/XXGK/XXGK/TJSJ/202104/P020210420350060099907.pdf,2021年02月航空生产资料,Feb-21
http://www.caac.gov.cn/XXGK/XXGK/TJSJ/202103/P020210322697125173941.pdf,2021年01月航空生产资料,Jan-21
http://www.caac.gov.cn/XXGK/XXGK/TJSJ/202102/P020210220503535940242.pdf,2020年12月航空生产资料,Dec-20
http://www.caac.gov.cn/XXGK/XXGK/TJSJ/202101/P020210120548947861944.pdf,2020年11月航空生产资料,Nov-20
http://www.caac.gov.cn/XXGK/XXGK/TJSJ/202012/P020201221501278229569.pdf,2020年10月航空生产资料,Oct-20
http://www.caac.gov.cn/XXGK/XXGK/TJSJ/202011/P020201120388576487838.pdf,2020年09月航空生产资料,Sep-20
http://www.caac.gov.cn/XXGK/XXGK/TJSJ/202010/P020201020603952810422.pdf,2020年08月航空生产资料,Aug-20
http://www.caac.gov.cn/XXGK/XXGK/TJSJ/202009/P020200921336995362544.pdf,2020年07月航空生产资料,Jul-20
http://www.caac.gov.cn/XXGK/XXGK/TJSJ/202008/P020200821594206730205.pdf,2020年06月航空生产资料,Jun-20
http://www.caac.gov.cn/XXGK/XXGK/TJSJ/202007/P020200720315801046585.pdf,2020年05月航空生产资料,May-20
http://www.caac.gov.cn/XXGK/XXGK/TJSJ/202006/P020200622461984478024.pdf,2020年04月航空生产资料,Apr-20
http://www.caac.gov.cn/XXGK/XXGK/TJSJ/202005/P020200520373795001941.pdf,2020年03月航空生产资料,Mar-20
http://www.caac.gov.cn/XXGK/XXGK/TJSJ/202004/P020200420522649148513.pdf,2020年02月航空生产资料,Feb-20
http://www.caac.gov.cn/XXGK/XXGK/TJSJ/202003/P020200324389133477825.pdf,2020年01月航空生产资料,Jan-20
http://www.caac.gov.cn/XXGK/XXGK/TJSJ/202002/P020200220582534315485.pdf,2019年12月航空生产资料,Dec-19
http://www.caac.gov.cn/XXGK/XXGK/TJSJ/202001/P020200120605263662901.pdf,2019年11月航空生产资料,Nov-19
http://www.caac.gov.cn/XXGK/XXGK/TJSJ/201912/P020191220567438734410.pdf,2019年10月航空生产资料,Oct-19
http://www.caac.gov.cn/XXGK/XXGK/TJSJ/201911/P020191120572647980099.pdf,2019年09月航空生产资料,Sep-19
http://www.caac.gov.cn/XXGK/XXGK/TJSJ/201910/P020191021569259079080.pdf,2019年08月航空生产资料,Aug-19
http://www.caac.gov.cn/XXGK/XXGK/TJSJ/201909/P020190920569359112784.pdf,2019年07月航空生产资料,Jul-19
http://www.caac.gov.cn/XXGK/XXGK/TJSJ/201908/P020190821316908657547.pdf,2019年06月航空生产资料,Jun-19
http://www.caac.gov.cn/XXGK/XXGK/TJSJ/201907/P020190719507174565649.pdf,2019年05月航空生产资料,May-19
http://www.caac.gov.cn/XXGK/XXGK/TJSJ/201906/P020190620373398596272.pdf,2019年04月航空生产资料,Apr-19
http://www.caac.gov.cn/XXGK/XXGK/TJSJ/201905/P020190520390751247025.pdf,2019年03月航空生产资料,Mar-19
http://www.caac.gov.cn/XXGK/XXGK/TJSJ/201904/P020190419543939469347.pdf,2019年02月航空生产资料,Feb-19
http://www.caac.gov.cn/XXGK/XXGK/TJSJ/201903/P020190320336422688214.pdf,2019年01月航空生产资料,Jan-19
http://www.caac.gov.cn/XXGK/XXGK/TJSJ/201902/P020190220510480624218.pdf,2018年12月航空生产资料,Dec-18
http://www.caac.gov.cn/XXGK/XXGK/TJSJ/201901/P020190121350381956797.pdf,2018年11月航空生产资料,Nov-18
http://www.caac.gov.cn/XXGK/XXGK/TJSJ/201812/P020181220515077077230.pdf,2018年10月航空生产资料,Oct-18
http://www.caac.gov.cn/XXGK/XXGK/TJSJ/201811/P020181120334929457888.pdf,2018年09月航空生产资料,Sep-18
http://www.caac.gov.cn/XXGK/XXGK/TJSJ/201810/P020181022507285641119.pdf,2018年08月航空生产资料,Aug-18
http://www.caac.gov.cn/XXGK/XXGK/TJSJ/201809/P020180920375975445856.pdf,2018年07月航空生产资料,Jul-18
http://www.caac.gov.cn/XXGK/XXGK/TJSJ/201808/P020180820344121447685.pdf,2018年06月航空生产资料,Jun-18
http://www.caac.gov.cn/XXGK/XXGK/TJSJ/201807/P020180720394844593550.pdf,2018年05月航空生产资料,May-18
http://www.caac.gov.cn/XXGK/XXGK/TJSJ/201806/P020180620345406214187.pdf,2018年04月航空生产资料,Apr-18
http://www.caac.gov.cn/XXGK/XXGK/TJSJ/201805/P020180522306777866464.pdf,2018年03月航空生产资料,Mar-18
http://www.caac.gov.cn/XXGK/XXGK/TJSJ/201804/P020180420530041997544.pdf,2018年02月航空生产资料,Feb-18
http://www.caac.gov.cn/XXGK/XXGK/TJSJ/201803/P020180320567683896708.pdf,2018年01月航空生产资料,Jan-18
http://www.caac.gov.cn/XXGK/XXGK/TJSJ/201802/P020180222333280174673.pdf,2017年12月航空生产资料,Dec-17
http://www.caac.gov.cn/XXGK/XXGK/TJSJ/201801/P020180119450414091902.pdf,2017年11月航空生产资料,Nov-17
http://www.caac.gov.cn/XXGK/XXGK/TJSJ/201712/P020171220557029665796.pdf,2017年10月航空生产资料,Oct-17
http://www.caac.gov.cn/XXGK/XXGK/TJSJ/201711/P020171120328592952631.pdf,2017年09月航空生产资料,Sep-17
http://www.caac.gov.cn/XXGK/XXGK/TJSJ/201710/P020171020302036793209.pdf,2017年08月航空生产资料,Aug-17
http://www.caac.gov.cn/XXGK/XXGK/TJSJ/201709/P020170920425214729354.pdf,2017年07月航空生产资料,Jul-17
http://www.caac.gov.cn/XXGK/XXGK/TJSJ/201708/P020170821330916187824.pdf,2017年06月航空生产资料,Jun-17
http://www.caac.gov.cn/XXGK/XXGK/TJSJ/201707/P020170720576685272748.pdf,2017年05月航空生产资料,May-17
http://www.caac.gov.cn/XXGK/XXGK/TJSJ/201706/P020170620373231069735.pdf,2017年04月航空生产资料,Apr-17
http://www.caac.gov.cn/XXGK/XXGK/TJSJ/201705/P020170519604058210393.pdf,2017年03月航空生产资料,Mar-17
http://www.caac.gov.cn/XXGK/XXGK/TJSJ/201704/P020170421321850449201.pdf,2017年02月航空生产资料,Feb-17
http://www.caac.gov.cn/XXGK/XXGK/TJSJ/201703/P020170320355493289794.pdf,2017年01月航空生产资料,Jan-17
http://www.caac.gov.cn/XXGK/XXGK/TJSJ/201702/P020170220499600910678.pdf,2016年12月航空生产资料,Dec-16
http://www.caac.gov.cn/XXGK/XXGK/TJSJ/201701/P020170120429571171506.pdf,2016年11月航空生产资料,Nov-16
http://www.caac.gov.cn/XXGK/XXGK/TJSJ/201612/P020161223363902978593.pdf,2016年10月航空生产资料,Oct-16
http://www.caac.gov.cn/XXGK/XXGK/TJSJ/201611/P020161122387401724602.pdf,2016年09月航空生产资料,Sep-16
http://www.caac.gov.cn/XXGK/XXGK/TJSJ/201610/P020161020336262813149.pdf,2016年08月航空生产资料,Aug-16
http://www.caac.gov.cn/XXGK/XXGK/TJSJ/201609/P020160920365608824975.pdf,2016年07月航空生产资料,Jul-16
http://www.caac.gov.cn/XXGK/XXGK/TJSJ/201608/P020160822323590499123.pdf,2016年06月航空生产资料,Jun-16
http://www.caac.gov.cn/XXGK/XXGK/TJSJ/201607/P020160721351396626301.pdf,2016年05月航空生产资料,May-16
http://www.caac.gov.cn/XXGK/XXGK/TJSJ/201606/P020160620312624540912.pdf,2016年04月航空生产资料,Apr-16
http://www.caac.gov.cn/XXGK/XXGK/TJSJ/201605/P020160520663632826207.pdf,2016年03月航空生产资料,Mar-16
http://www.caac.gov.cn/XXGK/XXGK/TJSJ/201604/P020160420367908531271.pdf,2016年02月航空生产资料,Feb-16
http://www.caac.gov.cn/XXGK/XXGK/TJSJ/201603/P020160322393286455499.pdf,2016年01月航空生产资料,Jan-16
http://www.caac.gov.cn/XXGK/XXGK/TJSJ/201602/P020160224588701073792.pdf,2015年11月航空生产资料,Nov-15
http://www.caac.gov.cn/XXGK/XXGK/TJSJ/201601/P020160119377932145064.pdf,2015年10月航空生产资料,Oct-15
http://www.caac.gov.cn/XXGK/XXGK/TJSJ/201601/P020160119376742989555.pdf,2015年09月航空生产资料,Sep-15
http://www.caac.gov.cn/XXGK/XXGK/TJSJ/201512/P020151203550637901637.pdf,2015年08月航空生产资料,Aug-15
http://www.caac.gov.cn/XXGK/XXGK/ZFGW/201601/P020160125649245154108.pdf,2015年07月航空生产资料,Jul-15
http://www.caac.gov.cn/XXGK/XXGK/TJSJ/201512/P020151203551718565583.pdf,2015年07月航空生产资料,Jul-15
http://www.caac.gov.cn/XXGK/XXGK/TJSJ/201511/P020151103352301239390.pdf,2015年06月航空生产资料,Jun-15
http://www.caac.gov.cn/XXGK/XXGK/TJSJ/201511/P020151103352297970670.pdf,2015年05月航空生产资料,May-15
http://www.caac.gov.cn/XXGK/XXGK/TJSJ/201511/P020151103352289911504.pdf,2015年03月航空生产资料,Mar-15
http://www.caac.gov.cn/XXGK/XXGK/TJSJ/201511/P020151103352277286131.pdf,2015年02月航空生产资料,Feb-15
http://www.caac.gov.cn/XXGK/XXGK/TJSJ/201511/P020151103352274166321.pdf,2015年01月航空生产资料,Jan-15
http://www.caac.gov.cn/XXGK/XXGK/TJSJ/201511/P020151103352269473766.pdf,2014年11月航空生产资料,Nov-14
http://www.caac.gov.cn/XXGK/XXGK/TJSJ/201511/P020151103352267818007.pdf,2014年10月航空生产资料,Oct-14
http://www.caac.gov.cn/XXGK/XXGK/TJSJ/201511/P020151103352264581518.pdf,2014年09月航空生产资料,Sep-14
http://www.caac.gov.cn/XXGK/XXGK/TJSJ/201511/P020151103352259570559.pdf,2014年08月航空生产资料,Aug-14
http://www.caac.gov.cn/XXGK/XXGK/TJSJ/201511/P020151103352256040756.pdf,2014年07月航空生产资料,Jul-14
http://www.caac.gov.cn/XXGK/XXGK/TJSJ/201511/P020151103352254356432.pdf,2014年06月航空生产资料,Jun-14
http://www.caac.gov.cn/XXGK/XXGK/TJSJ/201511/P020151103352249106734.pdf,2014年05月航空生产资料,May-14
http://www.caac.gov.cn/XXGK/XXGK/TJSJ/201511/P020151103352243552375.pdf,2014年04月航空生产资料,Apr-14
http://www.caac.gov.cn/XXGK/XXGK/TJSJ/201511/P020151103352237773473.pdf,2014年03月航空生产资料,Mar-14
http://www.caac.gov.cn/XXGK/XXGK/TJSJ/201511/P020151103352234260106.pdf,2014年02月航空生产资料,Feb-14
http://www.caac.gov.cn/XXGK/XXGK/TJSJ/201511/P020151103352230542053.pdf,2014年01月航空生产资料,Jan-14
http://www.caac.gov.cn/XXGK/XXGK/TJSJ/201511/P020151103352225414485.pdf,2013年11月航空生产资料,Nov-13
http://www.caac.gov.cn/XXGK/XXGK/TJSJ/201511/P020151103352221336403.pdf,2013年10月航空生产资料,Oct-13
http://www.caac.gov.cn/XXGK/XXGK/TJSJ/201511/P020151103352218184826.pdf,2013年09月航空生产资料,Sep-13
http://www.caac.gov.cn/XXGK/XXGK/TJSJ/201511/P020151103352216552093.pdf,2013年08月航空生产资料,Aug-13
http://www.caac.gov.cn/XXGK/XXGK/TJSJ/201511/P020151103352211127500.pdf,2013年07月航空生产资料,Jul-13
http://www.caac.gov.cn/XXGK/XXGK/TJSJ/201511/P020151103352207843450.pdf,2013年06月航空生产资料,Jun-13
http://www.caac.gov.cn/XXGK/XXGK/TJSJ/201511/P020151103352204566977.pdf,2013年05月航空生产资料,May-13
http://www.caac.gov.cn/XXGK/XXGK/TJSJ/201511/P020151103352197305154.pdf,2013年04月航空生产资料,Apr-13
http://www.caac.gov.cn/XXGK/XXGK/TJSJ/201511/P020151103352189770757.pdf,2013年03月航空生产资料,Mar-13
http://www.caac.gov.cn/XXGK/XXGK/TJSJ/201511/P020151103352188047191.pdf,2013年02月航空生产资料,Feb-13
http://www.caac.gov.cn/XXGK/XXGK/TJSJ/201511/P020151103352184323865.pdf,2013年01月航空生产资料,Jan-13
http://www.caac.gov.cn/XXGK/XXGK/TJSJ/201511/P020151103352176521144.pdf,2012年12月航空生产资料,Dec-12
http://www.caac.gov.cn/XXGK/XXGK/TJSJ/201511/P020151103352174736927.pdf,2012年11月航空生产资料,Nov-12
http://www.caac.gov.cn/XXGK/XXGK/TJSJ/201511/P020151103352172946732.pdf,2012年10月航空生产资料,Oct-12
http://www.caac.gov.cn/XXGK/XXGK/TJSJ/201511/P020151103352171144205.pdf,2012年09月航空生产资料,Sep-12
http://www.caac.gov.cn/XXGK/XXGK/TJSJ/201511/P020151103352164045058.pdf,2012年08月航空生产资料,Aug-12
http://www.caac.gov.cn/XXGK/XXGK/TJSJ/201511/P020151103352160504300.pdf,2012年07月航空生产资料,Jul-12
http://www.caac.gov.cn/XXGK/XXGK/TJSJ/201511/P020151103352158622622.pdf,2012年06月航空生产资料,Jun-12
http://www.caac.gov.cn/XXGK/XXGK/TJSJ/201511/P020151103352145131657.pdf,2012年05月航空生产资料,May-12
http://www.caac.gov.cn/XXGK/XXGK/TJSJ/201511/P020151103352138213468.pdf,2012年03月航空生产资料,Mar-12
