upc,match_name,sim_upc,sim_name
7003858826,,70038000051,Women's Sweet T-shirt QUEEN BEE Letter Printing Short Tops Summer Casual Shirt
7003858826,,70038000068,MUFFLER - MSL MAXIMUM
7003858826,,70038000075,97-01 CRV 2.0L DIRECT FIT MUFFLER - MSL MAXIMUM
7003858826,,70038000082,MUFFLER - MSL MAXIMUM
7003858826,,70038000099,03-12 COROLLA 1.8L DIRECT FIT MUFFLER - MSL MAXIMUM
7003858826,,70038001478,Briggs and Stratton Replacement Carburetor 390323 394228 170401 190412 194412
7003858826,,70038010005,"Always Good Ginger Ale C/s Soda Canamerica Container Corp.,lenexa,ks 992"
7003858826,,70038010043,Always Good Orange Soda Can - No Zip Code But Does Have A Bar Code On It
7003858826,,70038010081,Always Good Cherry Cola Soda Can - No Zip Code But Does Have A Bar Code On It
7003858826,,70038010128,Always Good Lemon Lime Soda Can - No Zip Code But Does Have A Bar Code On It
